epoch,step,train_loss
0,49,0.156997948884964
1,99,0.14386096596717834
1,149,0.15773798525333405
2,199,0.15199223160743713
