epoch,step,train_loss
0,49,0.00847623124718666
1,99,0.0024649212136864662
1,149,0.0017584935994818807
2,199,0.001292170025408268
3,249,0.0009351939079351723
3,299,0.0009351595654152334
4,349,0.005186356138437986
5,399,0.0013026054948568344
5,449,0.0008470063912682235
6,499,0.0018444973975419998
6,549,0.0007365445489995182
7,599,0.0007610532338730991
8,649,0.001027692691422999
8,699,0.0007274493691511452
9,749,0.0006406575557775795
