epoch,step,train_loss
0,49,2.376276969909668
0,99,4.068489074707031
