epoch,step,train_loss
0,49,0.058037083595991135
0,99,0.01621229387819767
0,149,0.007474448531866074
1,199,0.0034379400312900543
1,249,0.002549343276768923
