epoch,step,train_loss
0,49,1.8010051250457764
1,99,1.7136707305908203
1,149,1.5733468532562256
2,199,0.9166345596313477
3,249,0.7125325202941895
3,299,1.4124019145965576
4,349,1.0772573947906494
5,399,0.7434463500976562
5,449,0.9843770861625671
6,499,1.0688389539718628
6,549,1.0354390144348145
7,599,0.8383554220199585
8,649,0.9822231531143188
8,699,1.0952394008636475
9,749,0.768417477607727
