epoch,step,train_loss
0,49,7.706549644470215
0,99,0.06865257024765015
0,149,31.559438705444336
0,199,16.7021541595459
0,249,32.493404388427734
0,299,33.26169204711914
0,349,0.04179512709379196
0,399,33.94824981689453
0,449,7.1216349601745605
0,499,4.531435012817383
0,549,8.069310188293457
0,599,1.521721601486206
0,649,21.399213790893555
