epoch,step,train_loss
0,49,0.004822820890694857
1,99,0.0030728387646377087
1,149,0.0025983606465160847
2,199,0.001872975379228592
3,249,0.0015846574679017067
3,299,0.001336997956968844
4,349,0.0011987874750047922
