epoch,step,train_loss
1,49,5.303437232971191
3,99,1.4425781965255737
4,149,0.18253406882286072
