epoch,step,train_loss
0,49,0.05458905175328255
1,99,0.021486792713403702
