epoch,step,train_loss
0,49,0.3989642262458801
0,99,0.2739139497280121
0,149,0.36257943511009216
0,199,0.2904824912548065
0,249,0.30059751868247986
0,299,0.3415330648422241
0,349,0.3924945294857025
0,399,0.24924984574317932
0,449,0.26106545329093933
0,499,0.38874438405036926
0,549,0.22329990565776825
1,599,0.29622527956962585
