epoch,step,train_loss
4,49,0.019332734867930412
9,99,0.014052992686629295
14,149,0.013183392584323883
19,199,0.012081827968358994
24,249,0.010268375277519226
29,299,0.00816440675407648
34,349,0.006237552035599947
39,399,0.00511006498709321
44,449,0.004546875599771738
49,499,0.0041262805461883545
