epoch,step,train_loss
0,49,0.1315949559211731
1,99,0.057353515177965164
1,149,0.05370238050818443
2,199,0.05002136901021004
3,249,0.03932870551943779
3,299,0.03657910227775574
4,349,0.031204085797071457
5,399,0.03332199156284332
5,449,0.03206006810069084
