epoch,step,train_loss
0,49,0.5417067408561707
1,99,0.5343111157417297
1,149,0.4707407057285309
