epoch,step,train_loss
0,49,0.10501858592033386
1,99,0.09593348950147629
2,149,0.08506616204977036
3,199,0.07453563809394836
3,249,0.08255656063556671
4,299,0.07008396089076996
5,349,0.06770694255828857
6,399,0.05066018924117088
7,449,0.0540030412375927
