epoch,step,train_loss
0,49,6.0801262855529785
0,99,4.820035457611084
0,149,5.015405654907227
0,199,3.8824074268341064
0,249,3.127354383468628
0,299,4.576518535614014
0,349,3.1468734741210938
0,399,2.8055381774902344
0,449,2.969558000564575
0,499,1.8007421493530273
0,549,2.544154405593872
