epoch,step,train_loss
2,49,64.72537231445312
4,99,74.97846221923828
