epoch,step,train_loss
3,49,63.040061950683594
6,99,20.973960876464844
9,149,24.30664825439453
12,199,22.674680709838867
15,249,26.513425827026367
18,299,26.51669692993164
21,349,20.254039764404297
24,399,23.165708541870117
28,449,24.578311920166016
31,499,15.88040542602539
34,549,17.275527954101562
37,599,15.317985534667969
40,649,19.213542938232422
43,699,15.18414306640625
46,749,15.563552856445312
49,799,18.619657516479492
