epoch,step,train_loss
0,49,0.34547749161720276
0,99,0.3610166013240814
0,149,0.35890963673591614
1,199,0.34815874695777893
