epoch,step,train_loss
0,49,185.9180450439453
0,99,35.46831130981445
0,149,365.8829040527344
