epoch,step,train_loss
0,49,0.13994716107845306
0,99,0.12851886451244354
0,149,0.1563313901424408
0,199,0.14920757710933685
0,249,0.18045072257518768
0,299,0.16869094967842102
0,349,0.1303735226392746
0,399,0.19824731349945068
