epoch,step,train_loss
0,49,0.002471535000950098
0,99,0.002032238058745861
0,149,0.003810678143054247
1,199,0.0023101039696484804
1,249,0.002758268965408206
1,299,0.0012922193855047226
2,349,0.0023377479519695044
2,399,0.00331638241186738
2,449,0.00214996631257236
3,499,0.002387715270742774
3,549,0.0024598788004368544
3,599,0.0029672172386199236
4,649,0.002159280003979802
4,699,0.0025031163822859526
4,749,0.0018431131029501557
