epoch,step,train_loss
1,49,0.015091493725776672
2,99,0.00936710461974144
