epoch,step,train_loss
0,49,223.93548583984375
1,99,217.17750549316406
1,149,211.5025634765625
2,199,161.6717529296875
2,249,152.90602111816406
3,299,106.06512451171875
4,349,113.50843811035156
4,399,72.30908203125
5,449,63.660438537597656
5,499,54.745731353759766
6,549,42.411109924316406
7,599,34.65895462036133
7,649,30.367347717285156
8,699,25.220754623413086
9,749,30.214380264282227
9,799,28.976844787597656
