epoch,step,train_loss
4,49,0.01624974235892296
9,99,0.014925023540854454
14,149,0.015180002897977829
