epoch,step,train_loss
0,49,0.041216135025024414
0,99,0.03670972213149071
0,149,0.03432321175932884
0,199,0.034914180636405945
0,249,0.03457118570804596
0,299,0.03245723620057106
0,349,0.031812842935323715
0,399,0.03549947217106819
0,449,0.03951026871800423
0,499,0.030784323811531067
0,549,0.03758460655808449
0,599,0.03596283495426178
0,649,0.03440593555569649
0,699,0.03942378982901573
0,749,0.036567553877830505
