epoch,step,train_loss
1,49,0.18815211951732635
2,99,0.14684681594371796
3,149,0.2631034851074219
4,199,0.2768712341785431
5,249,0.2566324472427368
6,299,0.24359461665153503
7,349,0.20796097815036774
8,399,0.19501742720603943
9,449,0.15282277762889862
10,499,0.13428939878940582
11,549,0.12216979265213013
12,599,0.33978620171546936
13,649,0.32112425565719604
14,699,0.2869330644607544
15,749,0.2582540512084961
17,799,0.2096775472164154
18,849,0.19745513796806335
19,899,0.18535590171813965
