epoch,step,train_loss
0,49,226.2330780029297
0,99,235.38421630859375
0,149,197.2560272216797
