epoch,step,train_loss
0,49,0.3739246428012848
0,99,0.31651416420936584
0,149,0.35872071981430054
0,199,0.3492795526981354
0,249,0.2830637991428375
1,299,0.28803229331970215
