epoch,step,train_loss
0,49,0.027887854725122452
0,99,0.02699137106537819
0,149,0.021476520225405693
0,199,0.00546038756147027
0,249,0.0049777282401919365
0,299,0.0020447077695280313
0,349,0.0017028088914230466
0,399,0.000930673151742667
0,449,0.0017728565726429224
