epoch,step,train_loss
0,49,0.035833291709423065
1,99,0.031081896275281906
2,149,0.03768292814493179
2,199,0.01364848017692566
