epoch,step,train_loss
0,49,0.07836759835481644
0,99,0.04166635870933533
0,149,0.03732271492481232
1,199,0.026448652148246765
1,249,0.028961997479200363
1,299,0.03139382228255272
2,349,0.0420767106115818
2,399,0.029166314750909805
