epoch,step,train_loss
0,49,0.011305916123092175
1,99,0.003671240760013461
1,149,0.0022225745487958193
2,199,0.001956581836566329
3,249,0.0015402858844026923
3,299,0.001088996883481741
4,349,0.0011963237775489688
5,399,0.003312121145427227
5,449,0.0015994826098904014
6,499,0.0009573253337293863
6,549,0.0012803868157789111
7,599,0.0009009179775603116
8,649,0.0012690386502072215
8,699,0.00082690006820485
9,749,0.001177277066744864
