epoch,step,train_loss
0,49,0.0016842079348862171
1,99,0.0012885775649920106
2,149,0.0010584419360384345
3,199,0.0006354108918458223
3,249,0.0005984274321235716
4,299,0.00032250277581624687
5,349,0.00019106925174128264
6,399,0.00012900093861389905
7,449,0.0001942226372193545
7,499,0.00013821838365402073
8,549,9.484108886681497e-05
9,599,0.00011001840903190896
