epoch,step,train_loss
0,49,0.03526289016008377
1,99,0.03435519337654114
2,149,0.04065908119082451
3,199,0.03649837151169777
3,249,0.03488227352499962
4,299,0.035273537039756775
5,349,0.029177095741033554
6,399,0.03285476192831993
7,449,0.033885467797517776
7,499,0.0330449640750885
8,549,0.043938905000686646
9,599,0.03777860105037689
