epoch,step,train_loss
2,49,63.93719482421875
4,99,64.18836975097656
