epoch,step,train_loss
0,49,0.0031259055249392986
1,99,0.0008515939116477966
1,149,0.00024660665076225996
2,199,0.0002150995860574767
3,249,0.00015255980542860925
3,299,0.00010543466487433761
4,349,9.81349076027982e-05
5,399,0.00021227382239885628
5,449,0.00024494947865605354
6,499,8.208167128032073e-05
6,549,7.594026828883216e-05
7,599,0.0003572033892851323
8,649,7.379095040960237e-05
8,699,0.00019187663565389812
9,749,9.88043611869216e-05
