epoch,step,train_loss
0,49,0.19516634941101074
1,99,0.19130341708660126
1,149,0.18128488957881927
2,199,0.20696519315242767
3,249,0.18923255801200867
3,299,0.176422581076622
4,349,0.18260690569877625
