epoch,step,train_loss
0,49,0.20224575698375702
1,99,0.1953241229057312
1,149,0.187226340174675
2,199,0.17658647894859314
3,249,0.1902344524860382
3,299,0.18835024535655975
4,349,0.2038230150938034
5,399,0.19412049651145935
5,449,0.21011865139007568
6,499,0.18467013537883759
