epoch,step,train_loss
0,49,0.04126350209116936
0,99,0.03361954912543297
