epoch,step,train_loss
0,49,42.23629379272461
1,99,43.41770553588867
1,149,39.119544982910156
2,199,27.743118286132812
3,249,39.492122650146484
3,299,33.21711349487305
4,349,22.352224349975586
5,399,22.824626922607422
5,449,26.355182647705078
6,499,20.908348083496094
6,549,23.097272872924805
7,599,23.929258346557617
8,649,21.73128318786621
8,699,25.838024139404297
9,749,28.260892868041992
