epoch,step,train_loss
0,49,0.07107675820589066
1,99,0.03892761096358299
1,149,0.01657121814787388
2,199,0.006852205377072096
3,249,0.007690614089369774
3,299,0.004687321837991476
4,349,0.0031611546874046326
5,399,0.005171958822757006
5,449,0.004322179593145847
6,499,0.0026994533836841583
6,549,0.0023256370332092047
7,599,0.003774181706830859
8,649,0.0024648273829370737
8,699,0.0019417981384322047
9,749,0.002734174719080329
