epoch,step,train_loss
2,49,0.02352130226790905
4,99,0.006286292802542448
7,149,0.00451535964384675
9,199,0.001329938299022615
