epoch,step,train_loss
0,49,0.33735111355781555
0,99,0.27786940336227417
