epoch,step,train_loss
0,49,0.07529782503843307
0,99,0.017189370468258858
0,149,0.00991848949342966
