epoch,step,train_loss
0,49,0.21489161252975464
0,99,0.03388084098696709
0,149,0.00936961080878973
1,199,0.0072977361269295216
1,249,0.004755584988743067
1,299,0.004369628615677357
