epoch,step,train_loss
0,49,0.14477752149105072
1,99,0.07525914907455444
1,149,0.019055357202887535
2,199,0.011703471653163433
3,249,0.007476734463125467
3,299,0.006073526572436094
4,349,0.004722869489341974
5,399,0.004468412604182959
5,449,0.0036425478756427765
6,499,0.0033541182056069374
6,549,0.0027863606810569763
7,599,0.002766509773209691
8,649,0.0023614538367837667
8,699,0.00221576658077538
9,749,0.002044121501967311
