epoch,step,train_loss
0,49,0.017221329733729362
1,99,0.007017722353339195
1,149,0.004922367632389069
2,199,0.00323958951048553
3,249,0.0024268405977636576
3,299,0.002043968765065074
4,349,0.001595032517798245
5,399,0.001679519540630281
5,449,0.0012066344497725368
6,499,0.0012293033068999648
6,549,0.0011461644899100065
7,599,0.0011230437085032463
8,649,0.0008892868645489216
8,699,0.0008744211518205702
9,749,0.0009548880043439567
