epoch,step,train_loss
1,49,3.5645196437835693
3,99,3.9537456035614014
4,149,2.3032727241516113
6,199,3.1264963150024414
7,249,3.2513911724090576
9,299,3.173086166381836
10,349,4.522877216339111
12,399,2.7121076583862305
14,449,2.2127175331115723
15,499,2.1668715476989746
17,549,2.2429988384246826
18,599,1.7447335720062256
