epoch,step,train_loss
0,49,0.04298996925354004
0,99,0.030230849981307983
0,149,0.03571789711713791
1,199,0.03939961642026901
1,249,0.035844363272190094
1,299,0.03534732758998871
2,349,0.03344433754682541
2,399,0.042213473469018936
2,449,0.03352677449584007
3,499,0.038517341017723083
3,549,0.047297704964876175
3,599,0.04157412797212601
4,649,0.05595613270998001
4,699,0.03433991223573685
4,749,0.027683516964316368
