epoch,step,train_loss
0,49,0.1076664924621582
0,99,0.03320397064089775
0,149,0.012528486549854279
1,199,0.008201662451028824
1,249,0.005478668957948685
1,299,0.004717618692666292
2,349,0.004505520686507225
2,399,0.00349242240190506
2,449,0.003049544058740139
3,499,0.002507656579837203
3,549,0.002411179943010211
3,599,0.0020072085317224264
4,649,0.0022627690341323614
4,699,0.002386603271588683
4,749,0.0022868188098073006
