epoch,step,train_loss
12,49,0.009307860396802425
24,99,0.008244355209171772
37,149,0.007148457691073418
49,199,0.006800328381359577
62,249,0.0022079837508499622
74,299,0.00020844720711465925
87,349,7.086042751325294e-05
99,399,4.5136901462683454e-05
