epoch,step,train_loss
0,49,0.1826213151216507
0,99,0.04758308455348015
0,149,0.019788218662142754
1,199,0.010326582007110119
1,249,0.007742930203676224
1,299,0.006770177278667688
2,349,0.006070274859666824
2,399,0.005862085614353418
2,449,0.005708296317607164
3,499,0.005156851373612881
3,549,0.003945331089198589
3,599,0.004182485863566399
4,649,0.0043008285574615
4,699,0.004149416461586952
4,749,0.003956691827625036
