epoch,step,train_loss
4,49,26.75896644592285
9,99,14.99052619934082
14,149,14.446215629577637
19,199,14.401991844177246
24,249,14.397554397583008
