epoch,step,train_loss
2,49,0.02038399502635002
4,99,0.012107077054679394
7,149,0.007205076515674591
9,199,0.002007095841690898
