epoch,step,train_loss
0,49,0.17090356349945068
0,99,0.16913485527038574
