epoch,step,train_loss
0,49,0.03844708204269409
0,99,0.009313464164733887
0,149,0.007021702826023102
0,199,0.005100412294268608
0,249,0.0015989593230187893
0,299,0.002304669236764312
0,349,0.002995861228555441
0,399,0.0016270270571112633
0,449,0.0033671921119093895
0,499,0.0022364482283592224
0,549,0.0020166714675724506
0,599,0.0022916209418326616
1,649,0.00348290684632957
1,699,0.0022585224360227585
1,749,0.002030367497354746
1,799,0.0014860485680401325
