epoch,step,train_loss
0,49,0.018596244975924492
0,99,0.009741048328578472
0,149,0.0074247862212359905
1,199,0.006633806973695755
1,249,0.00512617127969861
1,299,0.00537654384970665
2,349,0.003878205781802535
2,399,0.004571134690195322
2,449,0.004019803833216429
3,499,0.0038582533597946167
3,549,0.004320614505559206
3,599,0.003781959181651473
4,649,0.0034236807841807604
4,699,0.004015473648905754
4,749,0.0027708180714398623
