epoch,step,train_loss
0,49,0.0005415147170424461
0,99,0.00029659399297088385
0,149,0.0006251659360714257
0,199,0.0004032008000649512
0,249,0.00015153804270084947
