epoch,step,train_loss
0,49,6.79321528878063e-05
1,99,6.94922637194395e-05
2,149,4.420926416059956e-05
3,199,7.196397928055376e-05
3,249,3.929907688871026e-05
4,299,2.605368717922829e-05
5,349,2.9395450837910175e-05
