epoch,step,train_loss
0,49,0.013850605115294456
0,99,0.0035296257119625807
0,149,0.0010804296471178532
0,199,0.0004619333194568753
0,249,0.0003136150771752
0,299,0.0002535323437768966
0,349,8.450755558442324e-05
0,399,0.00010290948557667434
0,449,0.00015422313299495727
0,499,8.576834079576656e-05
0,549,0.0002510168997105211
0,599,0.0001166880174423568
