epoch,step,train_loss
0,49,0.2766427993774414
1,99,0.2668476998806
