epoch,step,train_loss
0,49,0.01003268826752901
0,99,0.003506676061078906
0,149,0.0026546029839664698
1,199,0.0028281810227781534
1,249,0.0021824538707733154
1,299,0.0018700715154409409
2,349,0.001621881383471191
2,399,0.0014759432524442673
2,449,0.001585426856763661
3,499,0.001500666607171297
3,549,0.0011262806365266442
3,599,0.0010716955875977874
4,649,0.0009004444000311196
4,699,0.0011642215540632606
4,749,0.0010784423211589456
