epoch,step,train_loss
0,49,0.03422322869300842
1,99,0.036586105823516846
2,149,0.03916846588253975
