epoch,step,train_loss
0,49,0.002582849934697151
1,99,0.0004519565845839679
1,149,0.00018267252016812563
2,199,0.00011619640281423926
3,249,0.00015522770991083235
3,299,0.00021756200294476002
4,349,0.00015921394515316933
5,399,0.00023400824284181
5,449,8.814605826046318e-05
