epoch,step,train_loss
0,49,0.351392537355423
1,99,0.35518816113471985
1,149,0.31270632147789
2,199,0.24231864511966705
3,249,0.22544342279434204
3,299,0.20502060651779175
4,349,0.21018582582473755
5,399,0.20590443909168243
5,449,0.2232997566461563
