epoch,step,train_loss
49,49,0.0065636360086500645
99,99,0.002456717425957322
149,149,0.000941328180488199
199,199,0.0007202124688774347
249,249,0.0005692005506716669
299,299,0.0005467862938530743
349,349,0.0003653814783319831
399,399,0.00028725803713314235
