epoch,step,train_loss
0,49,0.010700228624045849
1,99,0.008907999843358994
2,149,0.0018778200028464198
