epoch,step,train_loss
0,49,0.08115724474191666
0,99,0.025316277518868446
