epoch,step,train_loss
1,49,0.27887672185897827
2,99,0.2086387425661087
4,149,0.11761973798274994
5,199,0.09207863360643387
6,249,0.046185143291950226
8,299,0.0416962094604969
9,349,0.031183894723653793
10,399,0.02356611005961895
12,449,0.014425237663090229
13,499,0.008380768820643425
