epoch,step,train_loss
0,49,0.09061387181282043
1,99,0.04876522347331047
1,149,0.019937902688980103
2,199,0.007343381643295288
3,249,0.004028711933642626
3,299,0.0037301790434867144
4,349,0.0029471591114997864
5,399,0.002830393612384796
5,449,0.0021359873935580254
6,499,0.0020658662542700768
7,549,0.0013230007607489824
7,599,0.0013891463167965412
8,649,0.0011131040519103408
9,699,0.0008930243202485144
9,749,0.0009558934834785759
