epoch,step,train_loss
0,49,0.039389222860336304
0,99,0.034066472202539444
0,149,0.03762579336762428
0,199,0.03691203519701958
0,249,0.038234081119298935
0,299,0.03198589012026787
0,349,0.031131446361541748
0,399,0.025959841907024384
0,449,0.015862079337239265
0,499,0.004462042823433876
0,549,0.0035816591698676348
0,599,0.0029988752212375402
0,649,0.0023005520924925804
0,699,0.0020030459854751825
0,749,0.0036837144289165735
