epoch,step,train_loss
0,49,1.5115971565246582
1,99,1.5271810293197632
1,149,1.3542908430099487
2,199,1.0256257057189941
3,249,1.6077088117599487
3,299,0.971089780330658
4,349,1.2664589881896973
5,399,1.2298665046691895
5,449,1.0014317035675049
6,499,1.0268871784210205
6,549,1.014141321182251
7,599,0.7874137759208679
