epoch,step,train_loss
0,49,0.05535463988780975
0,99,0.013952487148344517
0,149,0.006376021541655064
0,199,0.004862678237259388
0,249,0.0048598116263747215
0,299,0.0032708828803151846
1,349,0.0026271557435393333
1,399,0.0017908040899783373
1,449,0.0015800480032339692
1,499,0.001895633526146412
