epoch,step,train_loss
0,49,0.0032993783243000507
1,99,0.0022395052947103977
1,149,0.002040538005530834
2,199,0.0018400740809738636
3,249,0.0014136587269604206
3,299,0.0011286984663456678
4,349,0.001166242640465498
5,399,0.0011713327839970589
5,449,0.001031929044984281
6,499,0.0008663395419716835
7,549,0.0009402944706380367
7,599,0.0008177561103366315
8,649,0.000704354839399457
9,699,0.0009144420037046075
9,749,0.0007590976892970502
