epoch,step,train_loss
0,49,0.16233818233013153
0,99,0.10482987761497498
0,149,0.04059445858001709
0,199,0.01933206059038639
0,249,0.01789971813559532
0,299,0.014292508363723755
