epoch,step,train_loss
0,49,1.1987111568450928
1,99,0.9291806221008301
1,149,0.9352664947509766
2,199,0.9171470403671265
3,249,1.0573638677597046
3,299,0.7640955448150635
4,349,1.0748933553695679
5,399,0.797584056854248
5,449,0.9345664978027344
6,499,1.0273425579071045
6,549,0.7905499339103699
7,599,0.975196361541748
8,649,0.9699081182479858
8,699,1.0232326984405518
9,749,0.7644122838973999
