epoch,step,train_loss
0,49,0.011566405184566975
0,99,0.007103344891220331
0,149,0.003685434116050601
1,199,0.0035280175507068634
1,249,0.0028211113531142473
1,299,0.0020697584841400385
2,349,0.0024298906791955233
2,399,0.002272981218993664
2,449,0.0018233360024169087
3,499,0.0014473473420366645
3,549,0.0020175960380584
3,599,0.0017335490556433797
4,649,0.0011221743188798428
4,699,0.0014614969259127975
4,749,0.001366390846669674
