epoch,step,train_loss
0,49,0.054837413132190704
1,99,0.009661197662353516
1,149,0.005010202527046204
2,199,0.0040041375905275345
3,249,0.0024723168462514877
3,299,0.0020122781861573458
4,349,0.001699384767562151
