epoch,step,train_loss
0,49,0.1315562129020691
0,99,0.026590963825583458
