epoch,step,train_loss
0,49,0.016978690400719643
1,99,0.00565200112760067
1,149,0.0033907939214259386
2,199,0.002651531482115388
3,249,0.002080181846395135
