epoch,step,train_loss
0,49,66.77912139892578
0,99,71.42941284179688
0,149,71.21407318115234
