epoch,step,train_loss
0,49,0.01841273345053196
1,99,0.005230418872088194
1,149,0.002528377575799823
2,199,0.001974238082766533
3,249,0.0018652486614882946
3,299,0.0014040222158655524
4,349,0.0012871561339125037
5,399,0.001114181475713849
5,449,0.0010810833191499114
6,499,0.0011584429303184152
6,549,0.0012316961074247956
7,599,0.001101710251532495
8,649,0.001149743446148932
8,699,0.0007520387298427522
9,749,0.0011330482084304094
