epoch,step,train_loss
0,49,185.91795349121094
0,99,35.46803283691406
0,149,365.8800048828125
