epoch,step,train_loss
0,49,3.860103162473344
0,99,1.3709980564850535
