epoch,step,train_loss
49,49,0.010417968034744263
99,99,0.006438985466957092
149,149,0.0037246111314743757
199,199,0.001763366162776947
249,249,0.0010404250351712108
299,299,0.0010529626160860062
349,349,0.0005967126926407218
399,399,0.0004467752296477556
