epoch,step,train_loss
1,49,1.7805389165878296
3,99,0.6368042826652527
4,149,0.11920095980167389
6,199,0.06996667385101318
7,249,0.03391539677977562
9,299,0.012988465838134289
