epoch,step,train_loss
0,49,0.010157817043364048
1,99,0.0023105251602828503
1,149,0.0013793554389849305
2,199,0.0012668517883867025
3,249,0.0015262196538969874
3,299,0.0010599916568025947
4,349,0.0026924952398985624
5,399,0.0009474933031015098
5,449,0.0011125506134703755
6,499,0.0015511945821344852
6,549,0.0009016619878821075
7,599,0.001549731008708477
8,649,0.0008756734314374626
8,699,0.0009953834814950824
9,749,0.0009470644872635603
