epoch,step,train_loss
0,49,0.058853596448898315
0,99,0.01575743779540062
0,149,0.013017235323786736
1,199,0.00855177454650402
1,249,0.0055573200806975365
1,299,0.0028623377438634634
