epoch,step,train_loss
0,49,0.3755398690700531
0,99,0.3691495656967163
0,149,0.3302578032016754
0,199,0.34381207823753357
0,249,0.2988736033439636
0,299,0.18602971732616425
1,349,0.23700159788131714
1,399,0.23350046575069427
1,449,0.19684745371341705
1,499,0.23269487917423248
1,549,0.22532658278942108
