epoch,step,train_loss
0,49,0.015309049747884274
1,99,0.003774128155782819
1,149,0.0022889997344464064
2,199,0.0017255771672353148
3,249,0.0020165874157100916
3,299,0.0009130379767157137
4,349,0.0012493390822783113
5,399,0.0010624575661495328
5,449,0.0012079229345545173
6,499,0.000788436911534518
6,549,0.00047092713066376746
7,599,0.0009609244298189878
8,649,0.0007744796457700431
8,699,0.0008678525337018073
9,749,0.0018680826760828495
