epoch,step,train_loss
0,49,0.48278823494911194
1,99,0.5435120463371277
1,149,0.5508958101272583
