epoch,step,train_loss
0,49,0.018535682931542397
0,99,0.006928213406354189
0,149,0.004016538616269827
