epoch,step,train_loss
49,49,0.01058612484484911
99,99,0.005333745386451483
149,149,0.0031920012552291155
199,199,0.0017465736018493772
249,249,0.0007811868563294411
299,299,0.000617230252828449
349,349,0.000525917683262378
399,399,0.0004604221030604094
