epoch,step,train_loss
0,49,1.2216294635436498e-05
0,99,2.3888110263214912e-06
0,149,2.2348303900798783e-06
1,199,1.346319550066255e-06
1,249,2.7302644411975052e-06
1,299,1.485533516643045e-06
