epoch,step,train_loss
0,49,0.3763490617275238
1,99,0.21774093806743622
1,149,0.33182311058044434
2,199,0.22394581139087677
3,249,0.1752457469701767
3,299,0.04470546171069145
4,349,0.19790972769260406
5,399,0.1821252703666687
5,449,0.19542716443538666
6,499,0.07344464957714081
6,549,0.13608121871948242
