epoch,step,train_loss
0,49,0.10413815826177597
0,99,0.01888691633939743
0,149,0.01220011804252863
