epoch,step,train_loss
0,49,1.8429584503173828
1,99,1.291510820388794
1,149,1.2664865255355835
2,199,1.1754359006881714
3,249,1.2812557220458984
3,299,0.9424129724502563
4,349,1.1599763631820679
