epoch,step,train_loss
0,49,1.1471302509307861
0,99,1.0063737630844116
0,149,0.9082769155502319
1,199,0.754875659942627
1,249,0.6172729134559631
1,299,0.9826967716217041
2,349,0.6129494309425354
