epoch,step,train_loss
0,49,0.028770187869668007
0,99,0.015805410221219063
0,149,0.012448173947632313
0,199,0.007190973963588476
0,249,0.004019411746412516
0,299,0.003132142126560211
0,349,0.002598163904622197
0,399,0.002025715773925185
0,449,0.001931480597704649
0,499,0.001920293434523046
0,549,0.0017513480270281434
0,599,0.0014999452978372574
0,649,0.0015299124643206596
0,699,0.0014899781672284007
0,749,0.0016338392160832882
