epoch,step,train_loss
0,49,0.0015626456588506699
0,99,0.0003839156124740839
