epoch,step,train_loss
0,49,0.002131867688149214
0,99,0.0017876377096399665
0,149,0.0019645399879664183
0,199,0.0017027221620082855
0,249,0.002688485663384199
1,299,0.0024123317562043667
1,349,0.0016242323908954859
1,399,0.0022809081710875034
1,449,0.0022111304569989443
1,499,0.0023467503488063812
1,549,0.00375691382214427
