epoch,step,train_loss
49,49,0.009688443504273891
99,99,0.0016452828422188759
149,149,0.0011411338346078992
199,199,0.0009421790018677711
249,249,0.0007868928951211274
299,299,0.0006852314691059291
349,349,0.0005825741100125015
399,399,0.00048752655857242644
