epoch,step,train_loss
0,49,500.6831970214844
0,99,218.06893920898438
0,149,65.01678466796875
0,199,318.80279541015625
0,249,80.52809143066406
0,299,396.3689880371094
0,349,366.249267578125
0,399,205.9148406982422
0,449,237.9732666015625
