epoch,step,train_loss
0,49,0.0021636364981532097
1,99,0.001595424022525549
1,149,0.0013590515591204166
2,199,0.0012041250010952353
3,249,0.0012659847270697355
3,299,0.0010839904425665736
4,349,0.0011693029664456844
5,399,0.0010681631974875927
5,449,0.0009750755270943046
6,499,0.0012479511788114905
7,549,0.001078360597603023
7,599,0.000984211452305317
8,649,0.0009597099269740283
9,699,0.0010553596075624228
9,749,0.0011419726070016623
