epoch,step,train_loss
0,49,0.10007986426353455
0,99,0.02132088504731655
