epoch,step,train_loss
0,49,2.1357500372687355e-05
0,99,1.6533260350115597e-05
0,149,1.3142849638825282e-05
0,199,1.313725715590408e-05
