epoch,step,train_loss
0,49,0.4068913757801056
0,99,0.39889097213745117
0,149,0.39621981978416443
1,199,0.3804328441619873
1,249,0.40054115653038025
1,299,0.3770216405391693
2,349,0.37597963213920593
2,399,0.3659643232822418
2,449,0.39249154925346375
3,499,0.39458906650543213
3,549,0.39565154910087585
3,599,0.39170464873313904
4,649,0.39388394355773926
4,699,0.41822317242622375
4,749,0.3942619264125824
