epoch,step,train_loss
0,49,0.15233838558197021
1,99,0.02224060893058777
1,149,0.009127180092036724
