epoch,step,train_loss
0,49,0.0351937860250473
1,99,0.0372592955827713
1,149,0.042849600315093994
2,199,0.03172413259744644
3,249,0.03729173541069031
3,299,0.03387509286403656
4,349,0.03563441336154938
5,399,0.0455746203660965
5,449,0.03245005011558533
6,499,0.037019990384578705
6,549,0.030746150761842728
7,599,0.03657413274049759
8,649,0.030393674969673157
