epoch,step,train_loss
1,49,0.03438092768192291
2,99,0.008499104529619217
4,149,0.004607269540429115
5,199,0.003082891693338752
6,249,0.002332527656108141
8,299,0.0020255264826118946
9,349,0.0015603440115228295
